INSERT INTO cheonil.Menu (ctgSeq,name,abv,price,cmt,`options`,createdAt,updatedAt) VALUES
	 (1,'김치찌개','김치',7000,NULL,NULL,'2024-08-12 21:27:09','2024-08-12 21:27:09'),
	 (2,'제육','제육',8000,NULL,NULL,'2024-08-12 21:27:19','2024-08-12 21:27:19'),
	 (3,'정식','정식',6500,NULL,NULL,'2024-08-12 21:27:29','2024-08-12 21:27:29'),
	 (5,'갈비탕','갈비',8000,NULL,NULL,'2024-08-12 21:27:40','2024-08-12 21:27:40'),
	 (4,'돈까스','돈까',8000,NULL,NULL,'2024-08-12 21:27:52','2024-08-12 21:27:52'),
	 (6,'잔치국수','잔치',6000,NULL,NULL,'2024-08-12 21:28:06','2024-08-12 21:28:06'),
	 (1,'된장찌개','된장',7000,NULL,NULL,'2024-08-14 14:17:14','2024-08-14 14:17:14'),
	 (1,'청국장','청국',7000,NULL,NULL,'2024-08-14 14:17:26','2024-08-14 14:17:26'),
	 (1,'참치찌개','참치',8000,NULL,NULL,'2024-08-14 14:17:34','2024-08-14 14:17:34'),
	 (1,'부대찌개','부대',7000,NULL,NULL,'2024-08-14 14:17:50','2024-08-14 14:17:50');
INSERT INTO cheonil.Menu (ctgSeq,name,abv,price,cmt,`options`,createdAt,updatedAt) VALUES
	 (1,'오뎅찌개','오뎅',7000,NULL,NULL,'2024-08-14 14:17:59','2024-08-14 14:17:59'),
	 (1,'순두부찌개','순두',7000,NULL,NULL,'2024-08-14 14:18:09','2024-08-14 14:18:09'),
	 (5,'뼈해장국','뼈해',8000,NULL,NULL,'2024-08-14 14:18:24','2024-08-14 14:18:24'),
	 (5,'육계장','육계',8000,NULL,NULL,'2024-08-14 14:18:39','2024-08-14 14:18:39'),
	 (5,'뚝배기불고기','뚝배',9000,NULL,NULL,'2024-08-14 14:18:58','2024-08-14 14:18:58'),
	 (4,'치즈돈까스','치즈',9000,NULL,NULL,'2024-08-14 14:19:19','2024-08-14 14:19:19'),
	 (1,'동태찌개','동태',8000,NULL,NULL,'2024-08-14 14:20:26','2024-08-14 14:20:26'),
	 (1,'고등어찌개','고등',8000,NULL,NULL,'2024-08-14 14:20:35','2024-08-14 14:20:35'),
	 (1,'칼치찌개','칼치',8000,NULL,NULL,'2024-08-14 14:20:46','2024-08-14 14:20:46'),
	 (1,'알탕찌개','알탕',8000,NULL,NULL,'2024-08-14 14:20:59','2024-08-14 14:20:59');
INSERT INTO cheonil.Menu (ctgSeq,name,abv,price,cmt,`options`,createdAt,updatedAt) VALUES
	 (1,'돼지찌개','돼지',8000,NULL,NULL,'2024-08-14 14:21:08','2024-08-14 14:21:08'),
	 (4,'제육덮밥','제육',8000,NULL,NULL,'2024-08-14 14:21:22','2024-08-14 14:21:22'),
	 (4,'불고기덮밥','불고',8000,NULL,NULL,'2024-08-14 14:21:36','2024-08-14 14:21:36'),
	 (4,'오징어덮밥','오징',8000,NULL,NULL,'2024-08-14 14:21:53','2024-08-14 14:21:53'),
	 (2,'고추장불고기','고추',9000,NULL,NULL,'2024-08-14 14:22:23','2024-08-14 14:22:23'),
	 (2,'오징어두루치기','오징',8000,NULL,NULL,'2024-08-14 14:22:47','2024-08-14 14:22:47'),
	 (2,'닭볶음탕','닭볶',24000,NULL,NULL,'2024-08-14 14:23:42','2024-08-14 14:23:42'),
	 (2,'반마리닭볶음탕','반마',12000,NULL,NULL,'2024-08-14 14:24:04','2024-08-14 14:24:04'),
	 (6,'곱배기','곱배',1000,NULL,NULL,'2024-08-14 14:25:33','2024-08-14 14:25:33'),
	 (6,'비빔국수','비빔',7000,NULL,NULL,'2024-08-14 14:26:49','2024-08-14 14:26:49');
INSERT INTO cheonil.Menu (ctgSeq,name,abv,price,cmt,`options`,createdAt,updatedAt) VALUES
	 (6,'콩국수','콩국',7000,NULL,NULL,'2024-08-14 14:26:59','2024-08-14 14:26:59'),
	 (6,'칼국수','칼국',7000,NULL,NULL,'2024-08-14 14:27:10','2024-08-14 14:27:10'),
	 (6,'라면','라면',5000,NULL,NULL,'2024-08-14 14:27:20','2024-08-14 14:27:20'),
	 (4,'만두국','만두',7000,NULL,NULL,'2024-08-14 14:27:30','2024-08-14 14:27:30'),
	 (4,'떡만두국','떡만',7000,NULL,NULL,'2024-08-14 14:27:44','2024-08-14 14:27:44'),
	 (4,'떡국','떡국',7000,NULL,NULL,'2024-08-14 14:27:56','2024-08-14 14:27:56'),
	 (1,'공기밥','공기',1000,NULL,NULL,'2024-08-14 14:33:05','2024-08-14 14:33:05'),
	 (2,'오삼불고기','오삼',8000,NULL,NULL,'2024-08-14 14:36:27','2024-08-14 14:36:27'),
	 (3,'오이냉국','오이',6500,NULL,NULL,'2024-08-14 14:44:32','2024-08-14 14:44:32');
INSERT INTO cheonil.MenuCategory (name,`options`,createdAt,updatedAt) VALUES
	 ('찌개류',NULL,'2024-08-12 21:25:49','2024-08-12 21:25:49'),
	 ('고기류',NULL,'2024-08-12 21:25:54','2024-08-12 21:25:54'),
	 ('정식',NULL,'2024-08-12 21:25:58','2024-08-12 21:25:58'),
	 ('분식',NULL,'2024-08-12 21:26:02','2024-08-12 21:26:02'),
	 ('복만네',NULL,'2024-08-12 21:26:25','2024-08-12 21:26:25'),
	 ('면',NULL,'2024-08-12 21:26:40','2024-08-12 21:26:40');
INSERT INTO cheonil.MyOrder (storeSeq,amount,status,orderAt,completeAt,cmt,updatedAt) VALUES
	 (2,14000,'PAID','2024-08-14 14:29:03','2024-08-14 14:36:34',NULL,'2024-08-14 14:29:03'),
	 (3,21000,'PAID','2024-08-14 14:29:08','2024-08-14 14:36:36',NULL,'2024-08-14 14:29:08'),
	 (4,14000,'COOKED','2024-08-14 14:29:13','2024-08-14 14:36:35',NULL,'2024-08-14 14:29:13'),
	 (5,28000,'PAID','2024-08-14 14:29:19','2024-08-14 14:36:37',NULL,'2024-08-14 14:29:19'),
	 (6,14000,'PAID','2024-08-14 14:29:23','2024-08-14 14:36:38',NULL,'2024-08-14 14:29:23'),
	 (7,21000,'PAID','2024-08-14 14:29:27','2024-08-14 14:36:38',NULL,'2024-08-14 14:29:27'),
	 (8,33000,'PAID','2024-08-14 14:29:53','2024-08-14 14:36:39',NULL,'2024-08-14 14:29:53'),
	 (9,35000,'PAID','2024-08-14 14:30:05','2024-08-14 14:36:40',NULL,'2024-08-14 14:30:05'),
	 (10,16000,'PAID','2024-08-14 14:30:28','2024-08-14 14:36:41',NULL,'2024-08-14 14:30:28'),
	 (11,7000,'PAID','2024-08-14 14:30:40','2024-08-14 14:36:42',NULL,'2024-08-14 14:30:40');
INSERT INTO cheonil.MyOrder (storeSeq,amount,status,orderAt,completeAt,cmt,updatedAt) VALUES
	 (12,13000,'PAID','2024-08-14 14:30:49','2024-08-14 14:36:43',NULL,'2024-08-14 14:30:49'),
	 (13,32000,'PAID','2024-08-14 14:30:59','2024-08-14 14:36:44',NULL,'2024-08-14 14:30:59'),
	 (14,13000,'PAID','2024-08-14 14:31:06','2024-08-14 14:36:44',NULL,'2024-08-14 14:31:06'),
	 (15,28000,'PAID','2024-08-14 14:31:14','2024-08-14 14:36:45',NULL,'2024-08-14 14:31:14'),
	 (16,12000,'PAID','2024-08-14 14:31:23','2024-08-14 14:36:46',NULL,'2024-08-14 14:31:23'),
	 (17,24000,'PAID','2024-08-14 14:31:34','2024-08-14 14:36:47',NULL,'2024-08-14 14:31:34'),
	 (18,31000,'PAID','2024-08-14 14:32:02','2024-08-14 14:36:48',NULL,'2024-08-14 14:32:02'),
	 (19,16000,'PAID','2024-08-14 14:32:12','2024-08-14 14:36:48',NULL,'2024-08-14 14:32:12'),
	 (20,24000,'PAID','2024-08-14 14:32:22','2024-08-14 14:36:49',NULL,'2024-08-14 14:32:22'),
	 (21,24000,'PAID','2024-08-14 14:32:28','2024-08-14 14:36:50',NULL,'2024-08-14 14:32:28');
INSERT INTO cheonil.MyOrder (storeSeq,amount,status,orderAt,completeAt,cmt,updatedAt) VALUES
	 (22,16000,'PAID','2024-08-14 14:32:42','2024-08-14 14:36:51',NULL,'2024-08-14 14:32:42'),
	 (23,18000,'PAID','2024-08-14 14:35:05','2024-08-14 14:36:51',NULL,'2024-08-14 14:35:05'),
	 (24,13000,'COOKED','2024-08-14 14:35:58','2024-08-14 14:36:52',NULL,'2024-08-14 14:35:58'),
	 (25,24000,'PAID','2024-08-14 14:36:05','2024-08-14 14:36:53',NULL,'2024-08-14 14:36:05'),
	 (26,16000,'PAID','2024-08-14 14:36:31','2024-08-14 14:36:57',NULL,'2024-08-14 14:36:31'),
	 (27,14000,'PAID','2024-08-14 14:37:20','2024-08-14 14:43:13',NULL,'2024-08-14 14:37:20'),
	 (63,13000,'PAID','2024-08-14 14:40:53','2024-08-14 14:43:15',NULL,'2024-08-14 14:40:53'),
	 (28,24000,'PAID','2024-08-14 14:41:37','2024-08-14 14:43:16',NULL,'2024-08-14 14:41:37'),
	 (29,21000,'PAID','2024-08-14 14:41:46','2024-08-14 14:50:33',NULL,'2024-08-14 14:41:46'),
	 (30,14000,'PAID','2024-08-14 14:41:55','2024-08-14 14:50:34',NULL,'2024-08-14 14:41:55');
INSERT INTO cheonil.MyOrder (storeSeq,amount,status,orderAt,completeAt,cmt,updatedAt) VALUES
	 (31,13000,'PAID','2024-08-14 14:42:03','2024-08-14 14:50:35',NULL,'2024-08-14 14:42:03'),
	 (32,13000,'PAID','2024-08-14 14:42:09','2024-08-14 14:50:36',NULL,'2024-08-14 14:42:09'),
	 (33,13000,'PAID','2024-08-14 14:42:14','2024-08-14 14:50:37',NULL,'2024-08-14 14:42:14'),
	 (34,14000,'PAID','2024-08-14 14:42:22','2024-08-14 14:50:38',NULL,'2024-08-14 14:42:22'),
	 (35,14000,'PAID','2024-08-14 14:42:30','2024-08-14 14:50:39',NULL,'2024-08-14 14:42:30'),
	 (36,41000,'PAID','2024-08-14 14:42:56','2024-08-14 14:50:40',NULL,'2024-08-14 14:42:56'),
	 (37,13000,'PAID','2024-08-14 14:43:05','2024-08-14 14:50:41',NULL,'2024-08-14 14:43:05'),
	 (38,24000,'PAID','2024-08-14 14:43:48','2024-08-14 14:50:42',NULL,'2024-08-14 14:43:48'),
	 (39,13000,'PAID','2024-08-14 14:43:58','2024-08-14 14:50:43',NULL,'2024-08-14 14:43:58'),
	 (40,21000,'PAID','2024-08-14 14:44:09','2024-08-14 14:50:44',NULL,'2024-08-14 14:44:09');
INSERT INTO cheonil.MyOrder (storeSeq,amount,status,orderAt,completeAt,cmt,updatedAt) VALUES
	 (41,13000,'PAID','2024-08-14 14:44:44','2024-08-14 14:50:45',NULL,'2024-08-14 14:44:44'),
	 (42,19500,'COOKED','2024-08-14 14:44:53','2024-08-14 14:50:46',NULL,'2024-08-14 14:44:53'),
	 (43,45000,'COOKED','2024-08-14 14:45:16','2024-08-14 14:50:47',NULL,'2024-08-14 14:45:16'),
	 (44,16000,'PAID','2024-08-14 14:45:23','2024-08-14 14:50:48',NULL,'2024-08-14 14:45:23'),
	 (45,13000,'PAID','2024-08-14 14:45:31','2024-08-14 14:50:49',NULL,'2024-08-14 14:45:31'),
	 (46,19500,'PAID','2024-08-14 14:45:40','2024-08-14 14:50:50',NULL,'2024-08-14 14:45:40'),
	 (47,28000,'COOKED','2024-08-14 14:45:47','2024-08-14 14:50:52',NULL,'2024-08-14 14:45:47'),
	 (48,14000,'PAID','2024-08-14 14:45:53','2024-08-14 14:50:52',NULL,'2024-08-14 14:45:53'),
	 (49,26000,'PAID','2024-08-14 14:46:01','2024-08-14 14:50:53',NULL,'2024-08-14 14:46:01'),
	 (50,21000,'PAID','2024-08-14 14:46:08','2024-08-14 14:50:54',NULL,'2024-08-14 14:46:08');
INSERT INTO cheonil.MyOrder (storeSeq,amount,status,orderAt,completeAt,cmt,updatedAt) VALUES
	 (51,21000,'COOKED','2024-08-14 14:46:17','2024-08-14 14:50:55',NULL,'2024-08-14 14:46:17'),
	 (52,39000,'COOKED','2024-08-14 14:46:26','2024-08-14 14:50:56',NULL,'2024-08-14 14:46:26'),
	 (64,14000,'PAID','2024-08-14 14:47:05','2024-08-14 14:50:57',NULL,'2024-08-14 14:47:05'),
	 (65,14000,'PAID','2024-08-14 14:47:41','2024-08-14 14:50:58',NULL,'2024-08-14 14:47:41'),
	 (66,54000,'PAID','2024-08-14 14:48:10','2024-08-14 14:50:59',NULL,'2024-08-14 14:48:10'),
	 (53,16000,'PAID','2024-08-14 14:48:18','2024-08-14 14:50:59',NULL,'2024-08-14 14:48:18'),
	 (58,16000,'PAID','2024-08-14 14:48:28','2024-08-14 14:51:00',NULL,'2024-08-14 14:48:28'),
	 (61,16000,'PAID','2024-08-14 14:48:47','2024-08-14 14:51:01',NULL,'2024-08-14 14:48:47'),
	 (62,16000,'PAID','2024-08-14 14:49:09','2024-08-14 14:51:02',NULL,'2024-08-14 14:49:09'),
	 (24,81000,'COOKED','2024-08-14 14:49:49','2024-08-14 14:51:03',NULL,'2024-08-14 14:49:49');
INSERT INTO cheonil.MyOrder (storeSeq,amount,status,orderAt,completeAt,cmt,updatedAt) VALUES
	 (55,14000,'COOKED','2024-08-14 14:50:02','2024-08-14 14:51:04',NULL,'2024-08-14 14:50:02'),
	 (56,14000,'COOKED','2024-08-14 14:50:16','2024-08-14 14:51:04',NULL,'2024-08-14 14:50:16'),
	 (57,28000,'COOKED','2024-08-14 14:50:22','2024-08-14 17:36:02',NULL,'2024-08-14 14:50:22'),
	 (57,21000,'COOKED','2024-08-14 14:51:55','2024-08-14 17:36:03',NULL,'2024-08-14 14:51:55'),
	 (54,28000,'COOKED','2024-08-14 14:53:02','2024-08-14 17:36:04',NULL,'2024-08-14 14:53:02'),
	 (12,13000,'PAID','2024-08-14 14:53:28','2024-08-14 17:36:04',NULL,'2024-08-14 14:53:28'),
	 (12,13000,'PAID','2024-08-14 17:34:03','2024-08-14 17:36:05',NULL,'2024-08-14 17:34:03'),
	 (67,36000,'COOKED','2024-08-14 17:34:32','2024-08-14 17:36:06',NULL,'2024-08-14 17:34:32'),
	 (68,13000,'PAID','2024-08-14 17:34:55','2024-08-14 17:36:07',NULL,'2024-08-14 17:34:55'),
	 (59,19500,'PAID','2024-08-14 17:35:03','2024-08-14 17:36:08',NULL,'2024-08-14 17:35:03');
INSERT INTO cheonil.MyOrder (storeSeq,amount,status,orderAt,completeAt,cmt,updatedAt) VALUES
	 (43,24000,'COOKED','2024-08-14 17:35:26','2024-08-14 17:36:09',NULL,'2024-08-14 17:35:26'),
	 (69,19500,'PAID','2024-08-14 17:35:49','2024-08-14 17:36:11',NULL,'2024-08-14 17:35:49'),
	 (29,19500,'PAID','2024-08-14 17:35:56','2024-08-14 17:36:11',NULL,'2024-08-14 17:35:56');
INSERT INTO cheonil.OrderMenu (menuSeq,orderSeq,price,cnt) VALUES
	 (1,5,7000,2),
	 (1,6,7000,3),
	 (1,7,7000,2),
	 (1,8,7000,4),
	 (1,9,7000,2),
	 (1,10,7000,3),
	 (1,12,7000,3),
	 (1,14,7000,1),
	 (1,18,7000,4),
	 (1,41,7000,2);
INSERT INTO cheonil.OrderMenu (menuSeq,orderSeq,price,cnt) VALUES
	 (1,53,7000,4),
	 (1,67,7000,2),
	 (1,68,7000,2),
	 (1,69,7000,4),
	 (1,70,7000,3),
	 (2,11,8000,3),
	 (2,13,8000,2),
	 (2,20,8000,2),
	 (2,22,8000,2),
	 (2,23,8000,3);
INSERT INTO cheonil.OrderMenu (menuSeq,orderSeq,price,cnt) VALUES
	 (2,42,8000,5),
	 (2,44,8000,3),
	 (2,50,8000,2),
	 (2,64,8000,2),
	 (3,15,6500,2),
	 (3,29,6500,2),
	 (3,33,6500,2),
	 (3,37,6500,2),
	 (3,38,6500,2),
	 (3,39,6500,2);
INSERT INTO cheonil.OrderMenu (menuSeq,orderSeq,price,cnt) VALUES
	 (3,43,6500,2),
	 (3,45,6500,2),
	 (3,48,6500,3),
	 (3,51,6500,2),
	 (3,52,6500,3),
	 (3,55,6500,4),
	 (3,58,6500,6),
	 (3,61,6500,4),
	 (3,72,6500,2),
	 (3,73,6500,2);
INSERT INTO cheonil.OrderMenu (menuSeq,orderSeq,price,cnt) VALUES
	 (3,75,6500,2),
	 (3,76,6500,3),
	 (3,77,6500,2),
	 (3,78,6500,3),
	 (3,79,6500,3),
	 (4,49,8000,5),
	 (5,20,8000,1),
	 (5,21,8000,2),
	 (5,24,8000,3),
	 (5,30,8000,3);
INSERT INTO cheonil.OrderMenu (menuSeq,orderSeq,price,cnt) VALUES
	 (5,65,8000,1),
	 (6,17,6000,1),
	 (6,19,6000,2),
	 (6,21,6000,1),
	 (6,77,6000,1),
	 (7,12,7000,2),
	 (7,32,7000,2),
	 (7,35,7000,3),
	 (7,54,7000,2),
	 (7,56,7000,3);
INSERT INTO cheonil.OrderMenu (menuSeq,orderSeq,price,cnt) VALUES
	 (7,59,7000,2),
	 (7,60,7000,2),
	 (7,71,7000,4),
	 (8,36,7000,2),
	 (8,57,7000,3),
	 (8,65,7000,1),
	 (9,16,8000,4),
	 (10,40,7000,2),
	 (12,46,7000,3),
	 (13,62,8000,2);
INSERT INTO cheonil.OrderMenu (menuSeq,orderSeq,price,cnt) VALUES
	 (14,21,8000,1),
	 (15,11,9000,1),
	 (19,63,8000,2),
	 (20,66,8000,5),
	 (21,25,8000,2),
	 (22,34,8000,3),
	 (23,27,8000,2),
	 (27,74,9000,4),
	 (29,66,24000,1),
	 (30,66,12000,1);
INSERT INTO cheonil.OrderMenu (menuSeq,orderSeq,price,cnt) VALUES
	 (31,21,1000,1),
	 (31,65,1000,1),
	 (31,77,1000,1),
	 (32,17,7000,1),
	 (33,61,7000,4),
	 (39,27,1000,2),
	 (39,42,1000,1),
	 (39,49,1000,5),
	 (39,66,1000,5),
	 (39,77,1000,4);
INSERT INTO cheonil.OrderMenu (menuSeq,orderSeq,price,cnt) VALUES
	 (40,31,8000,2),
	 (41,47,6500,2);
INSERT INTO cheonil.Payment (orderSeq,amount,payType,payAt) VALUES
	 (5,14000,'CASH','2024-08-14 17:36:37'),
	 (6,21000,'CASH','2024-08-14 17:36:41'),
	 (8,28000,'CASH','2024-08-14 17:37:06'),
	 (9,14000,'CASH','2024-08-14 17:37:08'),
	 (10,21000,'CASH','2024-08-14 17:37:08'),
	 (11,33000,'CASH','2024-08-14 17:37:12'),
	 (12,35000,'CASH','2024-08-14 17:37:13'),
	 (13,16000,'CASH','2024-08-14 17:37:15'),
	 (14,7000,'CASH','2024-08-14 17:37:17'),
	 (15,13000,'CASH','2024-08-14 17:37:21');
INSERT INTO cheonil.Payment (orderSeq,amount,payType,payAt) VALUES
	 (16,32000,'CASH','2024-08-14 17:37:22'),
	 (17,13000,'CASH','2024-08-14 17:37:23'),
	 (18,28000,'CASH','2024-08-14 17:37:24'),
	 (19,12000,'CASH','2024-08-14 17:37:25'),
	 (20,24000,'CASH','2024-08-14 17:37:26'),
	 (21,31000,'CASH','2024-08-14 17:37:28'),
	 (22,16000,'CASH','2024-08-14 17:37:29'),
	 (23,24000,'CASH','2024-08-14 17:37:31'),
	 (24,24000,'CASH','2024-08-14 17:37:32'),
	 (25,16000,'CASH','2024-08-14 17:37:36');
INSERT INTO cheonil.Payment (orderSeq,amount,payType,payAt) VALUES
	 (27,18000,'CASH','2024-08-14 17:37:37'),
	 (30,24000,'CASH','2024-08-14 17:37:40'),
	 (31,16000,'CASH','2024-08-14 17:37:40'),
	 (32,14000,'CASH','2024-08-14 17:37:42'),
	 (33,13000,'CASH','2024-08-14 17:37:44'),
	 (34,24000,'CASH','2024-08-14 17:37:58'),
	 (35,21000,'CASH','2024-08-14 17:37:59'),
	 (36,14000,'CASH','2024-08-14 17:38:01'),
	 (37,13000,'CASH','2024-08-14 17:38:05'),
	 (38,13000,'CASH','2024-08-14 17:38:05');
INSERT INTO cheonil.Payment (orderSeq,amount,payType,payAt) VALUES
	 (39,13000,'CASH','2024-08-14 17:38:06'),
	 (40,14000,'CASH','2024-08-14 17:38:07'),
	 (41,14000,'CASH','2024-08-14 17:38:08'),
	 (42,41000,'CASH','2024-08-14 17:38:09'),
	 (43,13000,'CASH','2024-08-14 17:38:11'),
	 (44,24000,'CASH','2024-08-14 17:38:12'),
	 (45,13000,'CASH','2024-08-14 17:38:13'),
	 (46,21000,'CASH','2024-08-14 17:38:15'),
	 (47,13000,'CASH','2024-08-14 17:38:18'),
	 (50,16000,'CASH','2024-08-14 17:38:22');
INSERT INTO cheonil.Payment (orderSeq,amount,payType,payAt) VALUES
	 (51,13000,'CASH','2024-08-14 17:38:23'),
	 (52,19500,'CASH','2024-08-14 17:38:24'),
	 (54,14000,'CASH','2024-08-14 17:38:29'),
	 (55,26000,'CASH','2024-08-14 17:38:31'),
	 (56,21000,'CASH','2024-08-14 17:38:33'),
	 (59,14000,'CASH','2024-08-14 17:38:38'),
	 (60,14000,'CASH','2024-08-14 17:38:39'),
	 (61,54000,'CASH','2024-08-14 17:38:41'),
	 (62,16000,'CASH','2024-08-14 17:38:44'),
	 (63,16000,'CASH','2024-08-14 17:38:45');
INSERT INTO cheonil.Payment (orderSeq,amount,payType,payAt) VALUES
	 (64,16000,'CASH','2024-08-14 17:38:55'),
	 (65,16000,'CASH','2024-08-14 17:38:57'),
	 (72,13000,'CASH','2024-08-14 17:39:09'),
	 (73,13000,'CASH','2024-08-14 17:39:10'),
	 (75,13000,'CASH','2024-08-14 17:39:14'),
	 (76,19500,'CASH','2024-08-14 17:39:15'),
	 (78,19500,'CASH','2024-08-14 17:39:19'),
	 (79,19500,'CASH','2024-08-14 17:39:20');
INSERT INTO cheonil.PlaceCategory (name,cmt,`options`) VALUES
	 ('구역1',NULL,NULL);
INSERT INTO cheonil.Store (ctgSeq,placeCtgSeq,name,cmt,latitude,longitude,`options`,createdAt,updatedAt) VALUES
	 (4,NULL,'다리밑원대',NULL,NULL,NULL,NULL,'2024-08-14 10:25:51','2024-08-14 10:25:51'),
	 (4,NULL,'유진',NULL,NULL,NULL,NULL,'2024-08-14 10:26:06','2024-08-14 10:26:06'),
	 (5,NULL,'별',NULL,NULL,NULL,NULL,'2024-08-14 10:26:13','2024-08-14 10:26:13'),
	 (3,NULL,'한길',NULL,NULL,NULL,NULL,'2024-08-14 10:26:22','2024-08-14 10:26:22'),
	 (1,NULL,'중앙창성',NULL,NULL,NULL,NULL,'2024-08-14 10:26:30','2024-08-14 10:26:30'),
	 (1,NULL,'45',NULL,NULL,NULL,NULL,'2024-08-14 10:26:37','2024-08-14 10:26:37'),
	 (6,NULL,'효성창성',NULL,NULL,NULL,NULL,'2024-08-14 10:27:18','2024-08-14 10:27:18'),
	 (1,NULL,'114',NULL,NULL,NULL,NULL,'2024-08-14 10:27:34','2024-08-14 10:27:34'),
	 (3,NULL,'하나',NULL,NULL,NULL,NULL,'2024-08-14 10:28:07','2024-08-14 10:28:07'),
	 (5,NULL,'한빛물류',NULL,NULL,NULL,NULL,'2024-08-14 10:28:14','2024-08-14 10:28:14');
INSERT INTO cheonil.Store (ctgSeq,placeCtgSeq,name,cmt,latitude,longitude,`options`,createdAt,updatedAt) VALUES
	 (7,NULL,'글우성마늘',NULL,NULL,NULL,NULL,'2024-08-14 10:28:25','2024-08-14 10:28:25'),
	 (6,NULL,'우청',NULL,NULL,NULL,NULL,'2024-08-14 10:28:54','2024-08-14 10:28:54'),
	 (6,NULL,'이일',NULL,NULL,NULL,NULL,'2024-08-14 10:29:02','2024-08-14 10:29:02'),
	 (5,NULL,'쌀',NULL,NULL,NULL,NULL,'2024-08-14 10:29:08','2024-08-14 10:29:08'),
	 (1,NULL,'29',NULL,NULL,NULL,NULL,'2024-08-14 10:29:18','2024-08-14 10:29:18'),
	 (6,NULL,'충북',NULL,NULL,NULL,NULL,'2024-08-14 10:30:28','2024-08-14 10:30:28'),
	 (6,NULL,'승민농산',NULL,NULL,NULL,NULL,'2024-08-14 10:30:36','2024-08-14 10:30:36'),
	 (3,NULL,'대구상회',NULL,NULL,NULL,NULL,'2024-08-14 10:30:43','2024-08-14 10:30:43'),
	 (3,NULL,'청송',NULL,NULL,NULL,NULL,'2024-08-14 10:30:52','2024-08-14 10:30:52'),
	 (6,NULL,'이례',NULL,NULL,NULL,NULL,'2024-08-14 10:30:59','2024-08-14 10:30:59');
INSERT INTO cheonil.Store (ctgSeq,placeCtgSeq,name,cmt,latitude,longitude,`options`,createdAt,updatedAt) VALUES
	 (3,NULL,'해평',NULL,NULL,NULL,NULL,'2024-08-14 10:31:05','2024-08-14 10:31:05'),
	 (3,NULL,'대운',NULL,NULL,NULL,NULL,'2024-08-14 10:31:11','2024-08-14 10:31:11'),
	 (5,NULL,'고려',NULL,NULL,NULL,NULL,'2024-08-14 13:18:20','2024-08-14 13:18:20'),
	 (7,NULL,'미나리',NULL,NULL,NULL,NULL,'2024-08-14 13:18:29','2024-08-14 13:18:29'),
	 (4,NULL,'대도',NULL,NULL,NULL,NULL,'2024-08-14 13:18:37','2024-08-14 13:18:37'),
	 (4,NULL,'유승',NULL,NULL,NULL,NULL,'2024-08-14 13:18:54','2024-08-14 13:18:54'),
	 (3,NULL,'유성',NULL,NULL,NULL,NULL,'2024-08-14 13:19:00','2024-08-14 13:19:00'),
	 (3,NULL,'삼일',NULL,NULL,NULL,NULL,'2024-08-14 13:19:08','2024-08-14 13:19:08'),
	 (3,NULL,'석기',NULL,NULL,NULL,NULL,'2024-08-14 13:19:14','2024-08-14 13:19:14'),
	 (3,NULL,'형제',NULL,NULL,NULL,NULL,'2024-08-14 13:19:21','2024-08-14 13:19:21');
INSERT INTO cheonil.Store (ctgSeq,placeCtgSeq,name,cmt,latitude,longitude,`options`,createdAt,updatedAt) VALUES
	 (8,NULL,'제일',NULL,NULL,NULL,NULL,'2024-08-14 13:20:02','2024-08-14 13:20:02'),
	 (6,NULL,'대광',NULL,NULL,NULL,NULL,'2024-08-14 13:20:11','2024-08-14 13:20:11'),
	 (5,NULL,'맛쟁이',NULL,NULL,NULL,NULL,'2024-08-14 13:20:18','2024-08-14 13:20:18'),
	 (3,NULL,'충주',NULL,NULL,NULL,NULL,'2024-08-14 13:20:25','2024-08-14 13:20:25'),
	 (7,NULL,'글의령',NULL,NULL,NULL,NULL,'2024-08-14 13:20:33','2024-08-14 13:20:33'),
	 (7,NULL,'계란',NULL,NULL,NULL,NULL,'2024-08-14 13:20:40','2024-08-14 13:20:40'),
	 (1,NULL,'56',NULL,NULL,NULL,NULL,'2024-08-14 13:20:45','2024-08-14 13:20:45'),
	 (8,NULL,'청구',NULL,NULL,NULL,NULL,'2024-08-14 13:21:01','2024-08-14 13:21:01'),
	 (4,NULL,'장우',NULL,NULL,NULL,NULL,'2024-08-14 13:21:09','2024-08-14 13:21:09'),
	 (1,NULL,'중20',NULL,NULL,NULL,NULL,'2024-08-14 13:21:17','2024-08-14 13:21:17');
INSERT INTO cheonil.Store (ctgSeq,placeCtgSeq,name,cmt,latitude,longitude,`options`,createdAt,updatedAt) VALUES
	 (1,NULL,'119',NULL,NULL,NULL,NULL,'2024-08-14 13:21:24','2024-08-14 13:21:24'),
	 (3,NULL,'덕수',NULL,NULL,NULL,NULL,'2024-08-14 13:21:30','2024-08-14 13:21:30'),
	 (6,NULL,'동원',NULL,NULL,NULL,NULL,'2024-08-14 13:21:37','2024-08-14 13:21:37'),
	 (3,NULL,'은혜',NULL,NULL,NULL,NULL,'2024-08-14 13:21:48','2024-08-14 13:21:48'),
	 (5,NULL,'성화',NULL,NULL,NULL,NULL,'2024-08-14 13:21:57','2024-08-14 13:21:57'),
	 (1,NULL,'14',NULL,NULL,NULL,NULL,'2024-08-14 13:22:05','2024-08-14 13:22:05'),
	 (5,NULL,'울진',NULL,NULL,NULL,NULL,'2024-08-14 13:22:12','2024-08-14 13:22:12'),
	 (5,NULL,'청아루',NULL,NULL,NULL,NULL,'2024-08-14 13:22:20','2024-08-14 13:22:20'),
	 (6,NULL,'220',NULL,NULL,NULL,NULL,'2024-08-14 13:22:27','2024-08-14 13:22:27'),
	 (5,NULL,'혜성',NULL,NULL,NULL,NULL,'2024-08-14 13:22:34','2024-08-14 13:22:34');
INSERT INTO cheonil.Store (ctgSeq,placeCtgSeq,name,cmt,latitude,longitude,`options`,createdAt,updatedAt) VALUES
	 (5,NULL,'동해',NULL,NULL,NULL,NULL,'2024-08-14 13:22:40','2024-08-14 13:22:40'),
	 (8,NULL,'대농',NULL,NULL,NULL,NULL,'2024-08-14 13:22:48','2024-08-14 13:22:48'),
	 (5,NULL,'먼대원',NULL,NULL,NULL,NULL,'2024-08-14 13:22:54','2024-08-14 13:22:54'),
	 (5,NULL,'양계',NULL,NULL,NULL,NULL,'2024-08-14 13:23:06','2024-08-14 13:23:06'),
	 (5,NULL,'대백정육',NULL,NULL,NULL,NULL,'2024-08-14 13:23:14','2024-08-14 13:23:14'),
	 (5,NULL,'대백마트',NULL,NULL,NULL,NULL,'2024-08-14 13:23:22','2024-08-14 13:23:22'),
	 (6,NULL,'마산',NULL,NULL,NULL,NULL,'2024-08-14 13:23:34','2024-08-14 13:23:34'),
	 (5,NULL,'동아쪽파작업장',NULL,NULL,NULL,NULL,'2024-08-14 13:23:46','2024-08-14 13:23:46'),
	 (5,NULL,'당근작업장',NULL,NULL,NULL,NULL,'2024-08-14 13:23:53','2024-08-14 13:23:53'),
	 (8,NULL,'삼진마늘',NULL,NULL,NULL,NULL,'2024-08-14 13:27:47','2024-08-14 13:27:47');
INSERT INTO cheonil.Store (ctgSeq,placeCtgSeq,name,cmt,latitude,longitude,`options`,createdAt,updatedAt) VALUES
	 (5,NULL,'MD',NULL,NULL,NULL,NULL,'2024-08-14 13:30:59','2024-08-14 13:30:59'),
	 (5,NULL,'김치백화점',NULL,NULL,NULL,NULL,'2024-08-14 14:37:44','2024-08-14 14:37:44'),
	 (1,NULL,'중12',NULL,NULL,NULL,NULL,'2024-08-14 14:46:53','2024-08-14 14:46:53'),
	 (5,NULL,'청도수산',NULL,NULL,NULL,NULL,'2024-08-14 14:47:24','2024-08-14 14:47:24'),
	 (3,NULL,'대양하차반',NULL,NULL,NULL,NULL,'2024-08-14 14:47:57','2024-08-14 14:47:57'),
	 (5,NULL,'성덕농산',NULL,NULL,NULL,NULL,'2024-08-14 17:34:22','2024-08-14 17:34:22'),
	 (5,NULL,'파워',NULL,NULL,NULL,NULL,'2024-08-14 17:34:44','2024-08-14 17:34:44'),
	 (4,NULL,'3층사무실',NULL,NULL,NULL,NULL,'2024-08-14 17:35:40','2024-08-14 17:35:40');
INSERT INTO cheonil.StoreCategory (placeCtgSeq,name,`options`,createdAt,updatedAt) VALUES
	 (NULL,'중앙',NULL,'2024-08-12 21:23:54','2024-08-12 21:23:54'),
	 (NULL,'농협',NULL,'2024-08-12 21:23:59','2024-08-12 21:23:59'),
	 (NULL,'대양',NULL,'2024-08-12 21:24:04','2024-08-12 21:24:04'),
	 (NULL,'원예',NULL,'2024-08-12 21:24:11','2024-08-12 21:24:11'),
	 (NULL,'외부',NULL,'2024-08-12 21:24:22','2024-08-12 21:24:22'),
	 (NULL,'효성',NULL,'2024-08-14 10:26:56','2024-08-14 10:26:56'),
	 (NULL,'글로벌',NULL,'2024-08-14 10:27:01','2024-08-14 10:27:01'),
	 (NULL,'관련상가',NULL,'2024-08-14 13:19:45','2024-08-14 13:19:45');
